{"REF": 3.4, "phase_offset": [0.0, 0.10172025790849044, 0.3124749687781049, 0.5182133308281396], "unit": ["V", "A", "V", "A"], "ratio": [250, 30, 250, 30]}